62,293,245,308,230,201,160,177,268,318,248,346,62,1.98,0.83707,0.7218,0.83539
63,294,244,309,229,203,159,176,269,319,249,347,63,2.12,0.85844,0.73464,0.84444
64,300,238,319,219,203,159,176,274,324,254,353,63,2.4,0.9012,0.7589,0.8612
65,299,239,319,219,203,159,176,274,323,253,353,64,2.4,0.89739,0.7589,0.8612
66,299,239,319,219,203,159,176,274,323,253,353,65,2.4,0.89739,0.7589,0.8612
67,291,247,309,229,203,159,176,265,319,243,347,68,1.74,0.81483,0.6987,0.81879
68,300,238,319,219,203,159,176,274,324,253,356,69,2.48,0.89859,0.76548,0.86567
69,298,240,309,229,203,159,176,272,322,250,352,70,2.22,0.87064,0.74353,0.8491
70,298,240,309,229,203,159,176,272,322,250,352,70,2.22,0.87064,0.74353,0.8491
71,300,238,319,219,203,159,176,274,324,253,357,73,2.44,0.89237,0.76221,0.86345
72,298,240,290,248,203,159,176,273,323,252,353,74,2.26,0.87926,0.74701,0.85304
73,313,225,308,230,203,141,194,288,340,266,370,75,3.12,0.96815,0.8126,0.89665
74,316,222,309,229,203,141,194,291,342,269,373,75,3.22,0.97519,0.81911,0.89972
75,313,225,308,230,203,141,194,288,340,266,370,74,3,0.96695,0.8045,0.89145
76,318,220,337,201,203,141,194,291,342,269,375,76,3.2,0.97645,0.81783,0.89997
77,310,228,318,220,203,141,194,283,338,262,366,69,2.66,0.95101,0.77972,0.87522
78,310,228,318,220,203,141,194,283,338,262,366,69,2.66,0.95101,0.77972,0.87522
79,309,229,318,220,203,141,194,282,337,261,366,70,2.6,0.94441,0.77506,0.87211
80,309,229,318,220,203,141,194,282,337,261,366,71,2.58,0.94545,0.77349,0.87106
81,303,235,288,250,203,141,194,278,332,258,360,70,2.12,0.92756,0.73464,0.84444
82,303,235,288,250,203,141,194,278,332,258,360,69,2.14,0.92948,0.73644,0.8457
83,303,235,288,250,203,141,194,278,332,258,360,69,2.14,0.92948,0.73644,0.8457
84,303,235,288,250,203,141,194,278,332,258,360,68,2.14,0.92948,0.73644,0.8457
85,294,244,299,239,203,141,194,269,321,248,349,70,1.6,0.8497,0.68461,0.80848
86,294,244,299,239,203,141,194,269,321,248,349,70,1.6,0.8497,0.68461,0.80848
87,294,244,299,239,203,141,194,269,321,248,349,70,1.6,0.8497,0.68461,0.80848
88,294,244,299,239,203,141,194,269,321,248,349,70,1.6,0.8497,0.68461,0.80848
89,295,243,299,239,203,141,194,270,323,249,351,71,1.68,0.86239,0.69271,0.81443
90,296,242,299,239,203,135,200,270,323,250,352,72,1.7,0.86747,0.69472,0.81589
91,298,240,299,239,203,135,200,271,325,252,353,71,1.82,0.88107,0.70655,0.82448
92,298,240,299,239,203,119,216,270,326,250,354,73,1.7,0.87053,0.69472,0.81589
93,298,240,299,239,203,119,216,270,326,250,354,73,1.7,0.87053,0.69472,0.81589
94,298,240,299,239,203,119,216,270,326,250,354,73,1.7,0.87053,0.69472,0.81589
95,308,230,309,229,203,119,216,280,334,257,363,70,2.38,0.92968,0.75723,0.86006
96,306,232,309,229,203,119,216,278,333,255,362,67,2.28,0.92057,0.74874,0.85424
97,307,231,309,229,203,119,216,279,334,255,362,67,2.28,0.92509,0.74874,0.85424
98,304,234,309,229,203,119,216,276,332,253,360,67,2.26,0.90615,0.74701,0.85304
99,303,235,299,239,203,119,216,275,330,252,358,69,2.26,0.89695,0.74701,0.85304
100,303,235,299,239,203,119,216,275,330,252,358,70,2.26,0.89695,0.74701,0.85304
101,303,235,299,239,203,119,216,275,330,252,358,70,2.26,0.89695,0.74701,0.85304
102,303,235,299,239,203,119,216,275,331,253,359,70,2.28,0.899,0.74874,0.85424
103,303,235,299,239,203,119,216,275,331,253,359,70,2.28,0.899,0.74874,0.85424
104,303,235,299,239,203,119,216,275,331,253,359,71,2.28,0.899,0.74874,0.85424
105,303,235,299,239,203,119,216,275,331,253,359,71,2.28,0.899,0.74874,0.85424
106,304,234,299,239,203,119,216,275,331,253,359,71,2.28,0.90235,0.74874,0.85424
107,304,234,299,239,203,119,216,275,331,253,359,71,2.28,0.90235,0.74874,0.85424
108,306,232,309,229,203,119,216,278,333,254,361,70,2.34,0.91671,0.75386,0.85776
109,307,231,309,229,203,119,216,279,334,255,362,70,2.38,0.92123,0.75723,0.86006
110,306,232,309,229,203,119,216,278,333,255,359,72,2.48,0.91875,0.76548,0.86567
111,321,217,319,219,203,119,216,298,344,274,370,75,3.78,0.98641,0.85162,0.92089
112,326,212,319,219,219,119,200,303,348,280,374,81,4.3,0.99309,0.87639,0.93486
113,328,210,319,219,239,119,180,307,348,284,375,78,4.44,0.99581,0.88228,0.93897
114,328,210,319,219,239,119,180,307,348,284,375,78,4.44,0.99581,0.88228,0.93897
115,328,210,319,219,239,119,180,307,348,284,375,78,4.44,0.99581,0.88228,0.93897
116,333,205,348,190,239,119,180,312,352,290,380,78,4.44,0.99798,0.88228,0.93897
117,335,203,348,190,239,119,180,313,352,291,380,79,4.5,0.99835,0.88471,0.94037
118,338,200,348,190,239,116,183,317,359,294,387,81,4.6,0.99886,0.88863,0.94261
119,353,185,348,190,239,116,183,326,383,301,402,82,4.74,0.99939,0.89388,0.94498
120,354,184,348,190,239,116,183,326,383,301,402,81,4.8,0.99942,0.89605,0.9468
121,353,185,348,190,239,116,183,326,383,301,402,82,4.74,0.99941,0.89388,0.94498
122,355,183,348,190,239,116,183,327,385,302,402,85,4.76,0.9995,0.89461,0.94599
123,354,184,348,190,239,116,183,325,384,299,402,85,4.66,0.99935,0.89092,0.9439
124,355,183,348,190,248,116,174,327,385,301,402,86,4.76,0.99951,0.89461,0.94599
125,355,183,347,191,248,116,174,327,385,302,403,89,4.72,0.99953,0.89315,0.94517
126,357,181,347,191,248,116,174,329,386,303,405,88,4.66,0.99967,0.89092,0.9439
127,357,181,347,191,248,116,174,329,386,304,405,87,4.7,0.9997,0.89241,0.94475
128,357,181,347,191,248,116,174,329,386,304,405,88,4.64,0.99969,0.89016,0.94347
129,357,181,347,191,248,116,174,329,387,304,405,88,4.66,0.9997,0.89092,0.9439
130,357,181,347,191,248,116,174,329,387,304,405,89,4.66,0.9997,0.89092,0.9439
131,346,192,347,191,248,116,174,320,375,296,399,91,4.44,0.99926,0.88228,0.93897
132,347,191,348,190,248,116,174,321,375,297,400,91,4.48,0.99939,0.8839,0.93991
133,348,190,348,190,248,116,174,323,376,299,401,92,4.58,0.99953,0.88786,0.94217
134,346,192,348,190,228,116,194,320,375,296,399,93,4.54,0.99897,0.8863,0.94063
135,347,191,348,190,228,116,194,321,375,296,401,98,4.56,0.9991,0.88708,0.94108
136,348,190,348,190,228,116,194,322,376,299,401,98,4.68,0.99933,0.89167,0.94433
137,347,191,348,190,228,116,194,322,376,298,401,97,4.78,0.99928,0.89533,0.94581
138,354,184,348,190,228,116,194,325,385,299,404,98,4.72,0.99932,0.89315,0.94517
139,356,182,348,190,238,116,184,326,386,299,406,94,4.82,0.99928,0.89676,0.9472
140,351,187,348,190,238,116,184,320,382,292,404,88,4.54,0.99797,0.8863,0.94063
141,354,184,348,190,248,116,174,323,385,296,406,90,4.84,0.99875,0.89746,0.94759
142,353,185,348,190,248,116,174,322,385,295,406,91,4.8,0.99865,0.89605,0.94621
143,353,185,348,190,248,116,174,322,385,295,406,92,4.8,0.9987,0.89605,0.94621
144,353,185,348,190,248,116,174,322,385,295,406,94,4.8,0.9987,0.89605,0.94621
145,352,186,348,190,248,116,174,321,383,293,405,94,4.7,0.99837,0.89241,0.94414
146,354,184,352,186,248,116,174,323,386,296,407,93,4.76,0.99878,0.89461,0.94599
147,352,186,352,186,248,116,174,321,384,294,405,93,4.66,0.99847,0.89092,0.9439
148,348,190,348,190,248,116,174,316,378,288,401,96,4.48,0.99714,0.8839,0.93991
149,348,190,348,190,248,116,174,316,377,288,401,97,4.46,0.99707,0.8831,0.93944
150,348,190,348,190,248,116,174,316,377,288,401,97,4.46,0.99707,0.8831,0.93944
151,349,189,348,190,248,116,174,318,379,290,402,98,4.56,0.99769,0.88708,0.94172
152,338,200,332,206,238,116,184,308,370,281,392,102,3.8,0.99213,0.85266,0.92152
153,333,205,332,206,238,116,184,303,364,278,390,102,3.68,0.98987,0.84628,0.91765
154,334,204,332,206,238,116,184,306,366,281,391,103,3.78,0.99244,0.85162,0.92089
155,334,204,332,206,222,116,200,306,366,280,391,105,3.8,0.99198,0.85266,0.92152
156,332,206,333,205,232,116,190,303,363,278,389,103,3.76,0.99002,0.85056,0.92025
157,332,206,333,205,222,116,200,303,363,278,389,102,3.72,0.98953,0.84844,0.91897
158,333,205,333,205,222,116,200,304,364,279,389,101,3.76,0.99064,0.85056,0.92025
159,332,206,333,205,222,116,200,303,363,278,389,102,3.76,0.98984,0.85056,0.92025
160,332,206,333,205,222,116,200,303,363,278,389,101,3.7,0.98981,0.84736,0.91831
161,331,207,333,205,222,116,200,301,362,275,389,100,3.56,0.98741,0.83962,0.91358
162,333,205,333,205,222,110,206,303,364,277,391,100,3.54,0.98988,0.83848,0.91288
163,330,208,328,210,222,110,206,300,361,274,389,96,3.38,0.9855,0.82907,0.90704
164,330,208,328,210,222,110,206,300,361,274,389,96,3.38,0.9855,0.82907,0.90704
165,330,208,328,210,222,110,206,300,361,274,389,96,3.38,0.9855,0.82907,0.90704
166,333,205,333,205,222,110,206,304,364,279,390,95,3.7,0.99097,0.84736,0.91831
167,333,205,333,205,222,110,206,304,364,279,390,95,3.7,0.99097,0.84736,0.91831
168,333,205,333,205,222,110,206,304,364,279,390,95,3.7,0.99097,0.84736,0.91831
169,350,188,348,190,248,110,180,320,380,294,405,98,5.26,0.99849,0.91109,0.94554
170,351,187,352,186,248,110,180,322,381,296,406,97,5.38,0.99873,0.91459,0.9477
171,348,190,348,190,248,110,180,319,378,293,402,98,5.36,0.99824,0.91402,0.94735
172,348,190,348,190,248,110,180,319,378,293,402,98,5.36,0.99824,0.91402,0.94735
173,348,190,348,190,238,110,190,318,377,292,402,99,5.62,0.99807,0.92113,0.95172
174,348,190,348,190,238,110,190,318,377,292,402,99,5.62,0.99807,0.92113,0.95172
175,346,192,348,190,222,110,206,317,376,290,402,101,5.4,0.99723,0.91516,0.94748
176,344,194,348,190,251,110,177,319,372,297,399,100,5.9,0.99915,0.92804,0.95594
177,349,189,354,184,251,110,177,324,376,302,404,99,6,0.99955,0.93034,0.95734
178,363,175,365,173,272,109,157,338,392,318,412,115,7.04,0.99998,0.9497,0.96918
179,364,174,365,173,288,109,141,339,393,320,412,113,7.24,0.99999,0.95263,0.97101
180,364,174,365,173,288,109,141,339,393,320,412,113,7.24,0.99999,0.95263,0.97101
181,362,176,353,185,278,110,150,338,392,319,412,115,7.22,0.99999,0.95235,0.97083
182,362,176,353,185,278,110,150,337,392,318,411,113,7.2,0.99999,0.95206,0.97066
183,364,174,365,173,278,100,160,340,394,320,413,114,7.18,0.99999,0.95177,0.97048
184,363,175,364,174,288,100,150,337,392,315,413,116,7.1,0.99997,0.9506,0.96974
185,375,163,375,163,288,100,150,345,400,320,416,116,7.18,0.99998,0.95177,0.97048
186,374,164,375,163,259,100,179,343,399,318,415,117,7.12,0.99996,0.9509,0.96993
187,374,164,375,163,259,100,179,343,399,317,415,116,7.12,0.99996,0.9509,0.96993
188,374,164,375,163,259,100,179,343,399,317,415,116,7.12,0.99996,0.9509,0.96993
189,373,165,375,163,259,100,179,342,399,317,415,117,6.84,0.99995,0.94653,0.96723
190,373,165,375,163,259,100,179,342,399,317,415,117,6.84,0.99995,0.94653,0.96723
191,374,164,375,163,259,100,179,343,399,318,415,115,6.32,0.99995,0.93712,0.96147
192,375,163,403,135,243,97,198,345,402,319,417,115,6.3,0.99996,0.93672,0.96123
193,375,163,403,135,243,97,198,345,402,319,417,115,6.3,0.99996,0.93672,0.96123
194,381,157,403,135,272,97,169,351,403,325,418,118,6.32,0.99998,0.93712,0.96147
195,380,158,391,147,262,97,179,349,403,323,418,115,6.42,0.99998,0.93907,0.96267
196,376,162,391,147,262,100,176,346,399,319,414,112,6.02,0.99995,0.93079,0.95761
197,372,166,391,147,262,100,176,341,397,316,413,110,5.92,0.99992,0.92851,0.95575
198,370,168,391,147,262,100,176,339,396,314,412,107,6.06,0.99989,0.93167,0.95815
199,371,167,375,163,262,100,176,340,396,314,413,108,6.1,0.9999,0.93255,0.95869
199,371,167,391,147,262,100,176,340,397,315,413,109,6.1,0.99991,0.93255,0.95869
200,371,167,391,147,262,100,176,340,397,315,413,109,6.1,0.99991,0.93255,0.95869
201,372,166,391,147,262,100,176,341,397,316,414,109,6.16,0.99992,0.93383,0.95903
202,368,170,375,163,262,100,176,337,393,311,412,111,6.12,0.99986,0.93298,0.95895
203,360,178,375,163,233,100,205,330,388,306,407,106,6.24,0.99971,0.9355,0.96049
204,367,171,387,151,233,100,205,337,395,312,413,109,6.22,0.99987,0.93509,0.96023
205,350,188,349,189,213,100,225,323,381,299,403,114,5.44,0.99908,0.91628,0.94874
206,351,187,349,189,223,100,215,324,382,300,403,117,5.76,0.9993,0.92468,0.95389
207,356,182,355,183,223,100,215,331,387,307,407,117,6.1,0.99978,0.93255,0.95869
208,355,183,355,183,223,100,215,329,386,305,407,118,5.92,0.99968,0.92851,0.95623
209,354,184,340,198,234,100,204,327,384,304,406,122,5.82,0.99963,0.92614,0.95478
210,355,183,355,183,234,100,204,329,386,305,407,123,5.92,0.99969,0.92851,0.95623
211,358,180,375,163,250,97,191,329,386,305,407,134,5.92,0.99969,0.92851,0.95623
212,358,180,353,185,223,97,218,328,387,303,408,132,5.7,0.99947,0.92318,0.95246
213,363,175,379,159,279,97,162,334,391,312,412,141,6.32,0.99991,0.93712,0.96147
214,363,175,379,159,279,97,162,334,391,312,412,141,6.32,0.99991,0.93712,0.96147
215,363,175,379,159,279,97,162,334,391,312,412,141,6.32,0.99991,0.93712,0.96147
216,366,172,357,181,279,97,162,337,395,315,413,143,6.4,0.99994,0.93869,0.96243
217,370,168,375,163,268,100,170,341,398,318,416,143,6.46,0.99996,0.93984,0.96273
218,371,167,375,163,239,100,199,342,400,318,417,152,6.3,0.99992,0.93672,0.96081
219,372,166,375,163,239,92,207,343,400,318,418,154,6.3,0.99992,0.93672,0.96081
220,376,162,397,141,239,92,207,346,403,319,419,164,6.44,0.99992,0.93946,0.9629
221,364,174,359,179,239,92,207,338,394,313,416,166,6.4,0.99989,0.93869,0.96243
222,364,174,369,169,239,92,207,338,394,313,416,165,6.4,0.99988,0.93869,0.96243
222,364,174,369,169,239,92,207,338,394,313,416,165,6.4,0.99988,0.93869,0.96243
223,364,174,369,169,239,92,207,338,394,313,416,164,6.2,0.9999,0.93467,0.95954
224,362,176,359,179,239,92,207,335,392,309,415,170,6.16,0.99982,0.93383,0.95947
225,358,180,359,179,239,92,207,330,388,305,413,175,5.88,0.99969,0.92757,0.95565
225,358,180,359,179,259,92,187,332,388,308,412,175,6.04,0.99977,0.93123,0.95743
226,357,181,357,181,239,92,207,331,387,307,411,167,6.14,0.99978,0.93341,0.95921
226,357,181,357,181,239,92,207,331,387,307,411,168,6.14,0.99978,0.93341,0.95921
227,356,182,341,197,229,92,217,330,386,306,410,167,6.06,0.99975,0.93167,0.95815
227,356,182,341,197,229,92,217,330,386,306,410,167,6.06,0.99975,0.93167,0.95815
228,356,182,341,197,229,92,217,330,386,306,410,165,6.08,0.99979,0.93211,0.95842
228,356,182,341,197,229,92,217,330,386,306,410,166,6.1,0.9998,0.93255,0.95869
229,356,182,341,197,229,92,217,330,386,306,410,165,6.1,0.9998,0.93255,0.95869
229,356,182,341,197,229,92,217,330,386,306,410,165,6.1,0.9998,0.93255,0.95869
230,369,169,379,159,259,92,187,339,395,315,414,159,6.04,0.99995,0.93123,0.95788
230,349,189,341,197,259,92,187,328,371,308,398,159,5.76,0.9999,0.92468,0.95389
231,349,189,341,197,259,92,187,326,371,305,398,157,5.6,0.99985,0.92061,0.9514
231,349,189,341,197,259,92,187,326,371,305,398,157,5.6,0.99985,0.92061,0.9514
232,344,194,341,197,229,92,217,321,368,298,395,157,5.1,0.99936,0.90615,0.94249
232,344,194,341,197,229,92,217,321,368,298,395,157,5.1,0.99936,0.90615,0.94249
233,343,195,341,197,249,92,197,321,366,299,394,152,5.26,0.99952,0.91109,0.94554
233,343,195,341,197,249,92,197,321,366,299,394,152,5.26,0.99952,0.91109,0.94554
234,349,189,341,197,249,92,197,322,379,297,404,143,5.08,0.99922,0.90552,0.94209
234,349,189,341,197,249,92,197,322,379,297,404,143,5.08,0.99922,0.90552,0.94209
235,349,189,341,197,249,92,197,323,380,298,405,152,5.68,0.99939,0.92268,0.95266
235,349,189,341,197,249,92,197,323,380,298,405,152,5.68,0.99939,0.92268,0.95266
236,349,189,341,197,249,92,197,323,379,299,404,144,5.76,0.99931,0.92468,0.95389
236,349,189,341,197,249,92,197,323,379,299,404,144,5.76,0.99931,0.92468,0.95389
237,351,187,341,197,249,92,197,324,381,301,405,142,5.78,0.99946,0.92517,0.95369
237,353,185,353,185,249,92,197,326,383,303,407,142,5.8,0.99957,0.92566,0.95399
238,366,172,368,170,249,92,197,335,394,309,413,145,6.08,0.99976,0.93211,0.95842
238,366,172,368,170,249,92,197,335,394,309,413,148,5.84,0.99978,0.92662,0.95508
239,366,172,368,170,249,92,197,335,394,309,413,148,5.96,0.9998,0.92943,0.95679
239,365,173,368,170,249,92,197,334,393,307,413,148,5.58,0.9997,0.92009,0.95054
240,364,174,368,170,249,92,197,333,393,306,413,146,5.48,0.99964,0.91739,0.94942
240,364,174,368,170,249,92,197,333,393,306,413,147,5.52,0.99967,0.91848,0.95009
241,363,175,368,170,233,92,213,331,391,304,412,141,5.44,0.99953,0.91628,0.94874
241,362,176,358,180,233,92,213,330,390,302,412,142,5.36,0.99931,0.91402,0.94735
242,362,176,358,180,233,92,213,330,390,302,412,142,5.36,0.99931,0.91402,0.94735
242,362,176,358,180,233,92,213,330,390,302,412,142,5.36,0.99931,0.91402,0.94735
243,349,189,343,195,231,92,215,322,380,296,405,138,5.06,0.99881,0.90487,0.94169
243,349,189,343,195,231,92,215,322,380,296,405,138,5.06,0.99881,0.90487,0.94169
244,349,189,343,195,231,92,215,322,380,296,405,138,5.06,0.99881,0.90487,0.94169
244,350,188,343,195,231,92,215,322,380,296,406,139,5.14,0.99888,0.90742,0.94327
245,365,173,381,157,252,92,194,334,393,308,413,123,5.62,0.99975,0.92113,0.95119
245,363,175,359,179,242,92,204,333,392,307,413,127,5.38,0.99975,0.91459,0.9477
246,360,178,353,185,242,92,204,330,390,304,412,128,5.46,0.99963,0.91684,0.94908
246,360,178,353,185,242,92,204,330,390,304,412,129,5.46,0.99963,0.91684,0.94908
247,370,168,378,160,242,92,204,339,396,311,416,133,5.74,0.99985,0.92419,0.95359
247,371,167,378,160,222,92,224,339,397,312,417,135,5.52,0.99981,0.91848,0.95009
248,372,166,378,160,242,92,204,340,398,312,417,137,5.6,0.99986,0.92061,0.9514
248,369,169,378,160,242,92,204,336,396,308,416,138,5.6,0.99977,0.92061,0.9514
249,370,168,378,160,252,92,194,338,397,309,417,141,5.72,0.99982,0.92369,0.95328
249,370,168,378,160,252,92,194,338,397,309,417,141,5.72,0.99982,0.92369,0.95328
250,371,167,378,160,252,92,194,339,398,311,417,140,5.64,0.99986,0.92165,0.95151
250,364,174,368,170,252,92,194,334,394,307,415,143,5.6,0.99982,0.92061,0.9514
251,365,173,368,170,252,92,194,335,395,308,416,137,5.58,0.99978,0.92009,0.95054
251,365,173,368,170,252,92,194,335,395,308,416,138,5.64,0.9998,0.92165,0.95151
252,366,172,368,170,262,92,184,336,396,308,416,136,5.66,0.9997,0.92249,0.9524
252,364,174,368,170,242,102,194,333,394,306,414,137,5.52,0.99955,0.91881,0.95014
253,358,180,359,179,233,102,203,330,388,304,412,144,5.32,0.99947,0.91459,0.94744
253,357,181,358,180,233,102,203,328,388,302,409,145,4.88,0.99936,0.90075,0.93877
253,357,181,358,180,233,102,203,328,388,302,409,147,4.9,0.99937,0.90143,0.9392
253,357,181,358,180,233,102,203,329,388,303,410,148,5,0.99941,0.90476,0.94129
254,357,181,358,180,233,102,203,328,388,302,409,147,4.98,0.99938,0.9056,0.94229
254,357,181,358,180,233,102,203,328,388,302,409,148,4.98,0.99938,0.9056,0.94229
254,358,180,352,186,233,102,203,329,389,304,411,155,4.96,0.99948,0.90495,0.94188
254,358,180,352,186,233,102,203,330,389,304,411,156,4.96,0.99948,0.90495,0.94188
254,358,180,352,186,233,102,203,330,389,304,411,156,4.96,0.99948,0.90495,0.94188
255,358,180,352,186,233,102,203,330,389,304,411,157,4.94,0.99949,0.90581,0.94221
255,358,180,352,186,233,102,203,330,389,304,411,157,4.94,0.99949,0.90581,0.94221
255,357,181,353,185,233,102,203,328,388,303,410,158,4.92,0.99943,0.90515,0.9418
255,357,181,353,185,233,102,203,328,388,303,410,159,4.92,0.99943,0.90515,0.9418
255,357,181,353,185,233,102,203,328,388,303,410,159,4.92,0.99943,0.90515,0.9418
256,357,181,353,185,233,102,203,328,388,303,410,158,4.92,0.99943,0.9067,0.94317
256,357,181,353,185,237,102,199,329,388,303,410,161,4.94,0.99944,0.90735,0.94358
256,357,181,353,185,237,102,199,329,388,303,410,161,4.94,0.99944,0.90735,0.94358
256,357,181,353,185,237,102,199,329,388,303,410,161,4.94,0.99944,0.90735,0.94358
256,357,181,353,185,237,102,199,329,388,303,410,161,4.94,0.99944,0.90735,0.94358
257,358,180,353,185,253,102,183,330,389,304,411,158,5.1,0.99959,0.91391,0.94743
257,358,180,353,185,253,102,183,330,389,304,411,158,5.1,0.99959,0.91391,0.94743
257,358,180,353,185,253,102,183,329,389,304,411,160,5.08,0.99956,0.9133,0.94705
257,358,180,353,185,253,102,183,329,389,304,411,160,5.08,0.99956,0.9133,0.94705
257,358,180,353,185,253,102,183,329,389,304,411,160,5.08,0.99956,0.9133,0.94705
258,358,180,353,185,253,102,183,330,389,304,411,159,5.1,0.9996,0.91542,0.9487
258,358,180,353,185,253,102,183,330,389,304,411,160,5.16,0.99958,0.9172,0.94981
258,358,180,353,185,253,102,183,330,389,304,411,160,5.18,0.99959,0.91778,0.95018
258,358,180,353,185,253,102,183,330,389,304,411,160,5.18,0.99959,0.91778,0.95018
258,357,181,353,185,253,102,183,328,388,304,409,162,5.18,0.99955,0.91778,0.95018
259,352,186,352,186,253,102,183,325,382,300,406,160,5.12,0.99941,0.91755,0.94974
259,352,186,352,186,253,102,183,324,382,299,406,161,5.1,0.9994,0.91696,0.94937
259,352,186,352,186,253,102,183,324,382,299,406,161,5.1,0.9994,0.91696,0.94937
259,352,186,352,186,253,102,183,324,382,299,406,164,5.12,0.9994,0.91755,0.94974
259,354,184,353,185,253,102,183,327,384,302,408,165,5.26,0.99949,0.92154,0.9528
260,354,184,353,185,253,102,183,327,384,302,408,164,5.3,0.99951,0.92412,0.95412
260,354,184,353,185,253,102,183,327,384,302,407,166,5.24,0.99948,0.92249,0.95309
260,354,184,353,185,253,102,183,327,384,302,407,166,5.24,0.99948,0.92249,0.95309
260,353,185,353,185,253,110,175,325,383,301,407,166,5.24,0.99945,0.92249,0.95309
260,353,185,353,185,253,110,175,325,383,301,407,166,5.24,0.99945,0.92249,0.95309
261,353,185,353,185,273,110,155,326,383,302,407,165,5.22,0.99973,0.92345,0.95391
261,355,183,353,185,273,110,155,328,385,304,408,169,5.24,0.99981,0.924,0.95426
261,355,183,353,185,273,110,155,328,385,304,408,170,5.2,0.99978,0.9229,0.95357
261,355,183,353,185,273,110,155,328,385,304,408,170,5.2,0.99978,0.9229,0.95357
261,355,183,353,185,273,110,155,328,385,304,408,170,5.2,0.99978,0.9229,0.95357
262,355,183,353,185,273,110,155,328,385,304,408,169,5.22,0.9998,0.92499,0.95505
262,356,182,353,185,274,110,154,328,386,305,408,172,5.34,0.99983,0.92816,0.95704
262,351,187,335,203,274,110,154,325,381,300,404,175,5.32,0.99976,0.92764,0.95672
262,352,186,335,203,274,110,154,325,382,302,406,175,5.36,0.9998,0.92868,0.95736
262,352,186,335,203,274,110,154,325,382,302,406,175,5.34,0.9998,0.92816,0.95704
263,352,186,335,203,274,110,154,325,382,302,406,174,5.3,0.99979,0.92864,0.95749
263,352,186,335,203,274,110,154,325,382,302,406,174,5.3,0.99979,0.92864,0.95749
263,352,186,335,203,274,110,154,325,382,302,406,174,5.3,0.99979,0.92864,0.95749
263,352,186,335,203,274,110,154,325,382,302,406,174,5.3,0.99979,0.92864,0.95749
263,352,186,335,203,274,110,154,325,382,302,406,175,5.3,0.99979,0.92864,0.95749
264,351,187,335,203,274,110,154,325,380,301,403,173,5.2,0.99978,0.92756,0.95693
264,351,187,335,203,274,110,154,325,380,301,403,173,5.2,0.99978,0.92756,0.95693
264,347,191,335,203,274,110,154,323,378,299,401,177,5.16,0.99975,0.92649,0.95625
264,347,191,335,203,274,110,154,323,378,299,401,178,5.16,0.99975,0.92649,0.95625
264,347,191,335,203,274,110,154,323,378,299,401,178,5.16,0.99975,0.92649,0.95625
265,348,190,335,203,274,110,154,323,378,299,401,176,5.12,0.99974,0.927,0.95665
265,351,187,335,203,274,110,154,324,379,301,404,177,5.14,0.99979,0.92755,0.957
265,351,187,335,203,273,93,172,325,381,302,406,179,5.16,0.99981,0.92808,0.95733
265,351,187,335,203,273,93,172,325,381,302,406,179,5.16,0.99981,0.92808,0.95733
265,351,187,335,203,273,93,172,325,381,302,406,181,5.18,0.99981,0.92861,0.95767
266,350,188,335,203,273,93,172,323,379,299,405,174,5.08,0.99975,0.92755,0.95703
266,349,189,335,203,273,93,172,323,379,298,403,177,5.04,0.99973,0.92645,0.95634
266,350,188,335,203,273,93,172,323,379,299,404,177,5.08,0.99977,0.92755,0.95703
266,349,189,335,203,273,93,172,322,378,298,403,179,5,0.99974,0.92533,0.95563
266,349,189,335,203,273,93,172,322,378,298,403,179,5,0.99974,0.92533,0.95563
267,346,192,335,203,273,93,172,321,375,296,401,177,5,0.99971,0.92702,0.95669
267,345,193,335,203,273,93,172,319,374,295,400,179,5,0.99961,0.92702,0.95669
267,344,194,335,203,273,93,172,319,373,294,399,180,4.98,0.99958,0.92646,0.95634
267,341,197,335,203,253,93,192,317,370,293,397,186,4.78,0.99939,0.92058,0.9526
267,342,196,335,203,273,93,172,317,371,294,397,187,4.88,0.99951,0.92359,0.95451
268,342,196,335,203,273,93,172,318,371,294,397,183,4.92,0.99954,0.92649,0.95684
268,344,194,341,197,273,93,172,319,373,296,398,189,4.86,0.9996,0.92476,0.95575
268,345,193,335,203,263,85,190,319,374,294,401,218,4.58,0.99933,0.91604,0.95021
268,346,192,341,197,273,93,172,320,373,296,401,196,4.86,0.99962,0.92476,0.95575
268,350,188,353,185,273,93,172,323,375,299,405,198,5.08,0.99973,0.93088,0.95961
269,350,188,353,185,273,93,172,323,375,299,405,196,5.06,0.99973,0.93204,0.96027
269,349,189,353,185,273,93,172,323,375,298,404,198,5.02,0.99903,0.93098,0.9596
269,351,187,353,185,273,93,172,324,378,298,407,201,5.02,0.99907,0.93098,0.9596
269,350,188,353,185,273,93,172,323,378,298,406,202,4.98,0.999,0.9299,0.95892
269,350,188,353,185,273,93,172,323,378,298,406,202,4.98,0.999,0.9299,0.95892
270,352,186,359,179,273,93,172,325,379,300,407,204,5.08,0.99915,0.93427,0.96157
270,352,186,359,179,273,93,172,325,379,300,407,204,5.08,0.99915,0.93427,0.96157
270,352,186,359,179,273,93,172,325,379,300,407,204,5.08,0.99915,0.93427,0.96157
270,352,186,359,179,273,93,172,325,379,300,407,205,5.06,0.99914,0.93375,0.96124
270,352,186,359,179,273,93,172,325,379,300,407,205,5.06,0.99914,0.93375,0.96124
271,353,185,359,179,273,93,172,327,380,302,407,203,5.16,0.99927,0.93795,0.96425
271,353,185,359,179,273,93,172,327,380,302,407,203,5.16,0.99927,0.93795,0.96425
271,352,186,359,179,273,93,172,327,380,302,407,208,5.24,0.99926,0.93985,0.96545
271,352,186,359,179,273,93,172,327,380,302,407,208,5.24,0.99926,0.93985,0.96545
271,353,185,359,179,273,93,172,327,380,303,407,208,5.28,0.99982,0.94078,0.96603
272,352,186,359,179,273,93,172,326,377,302,406,199,5.1,0.9998,0.9382,0.96423
272,353,185,359,179,273,93,172,327,381,303,407,200,5.1,0.99981,0.9382,0.96423
272,353,185,359,179,273,93,172,328,381,303,408,201,5.1,0.99983,0.9382,0.96423
272,353,185,359,179,273,93,172,327,381,303,407,202,5.08,0.99981,0.93771,0.96392
272,353,185,359,179,273,93,172,327,381,302,407,206,5.06,0.9998,0.93722,0.9636
273,355,183,359,179,273,93,172,329,382,305,409,201,5.14,0.99984,0.94089,0.96619
273,355,183,359,179,273,93,172,329,382,305,409,202,5.14,0.99984,0.94089,0.96619
273,355,183,359,179,273,93,172,329,382,305,409,202,5.14,0.99984,0.94089,0.96619
273,353,185,359,179,273,93,172,328,378,305,407,207,5.14,0.99983,0.94089,0.96619
273,353,185,359,179,273,93,172,328,378,305,407,207,5.14,0.99983,0.94089,0.96619
274,353,185,359,179,269,93,176,328,378,305,407,207,5.12,0.99982,0.94215,0.9672
274,353,185,359,179,269,93,176,328,378,305,407,208,5.12,0.99982,0.94215,0.9672
274,353,185,359,179,269,93,176,328,378,305,407,208,5.12,0.99983,0.94215,0.9672
274,354,184,359,179,273,84,181,329,380,305,408,209,5.16,0.99985,0.94307,0.96778
274,355,183,359,179,273,84,181,330,380,306,409,210,5.16,0.99986,0.94307,0.96778
275,353,185,359,179,273,84,181,329,379,305,407,162,5.14,0.99984,0.94436,0.96876
275,354,184,359,179,273,84,181,330,380,306,408,164,5.22,0.99988,0.94612,0.96989
275,354,184,359,179,273,84,181,330,380,306,408,164,5.22,0.99988,0.94612,0.96989
275,356,182,359,179,273,84,181,331,381,307,410,165,5.26,0.9999,0.94698,0.97043
275,356,182,359,179,273,84,181,331,381,307,410,166,5.26,0.9999,0.94698,0.97043
276,353,185,359,179,273,84,181,329,377,305,406,164,5.28,0.99987,0.94909,0.9719
276,354,184,359,179,273,84,181,329,377,306,406,165,5.26,0.99989,0.94867,0.97163
276,354,184,359,179,273,84,181,329,377,306,406,165,5.26,0.99989,0.94867,0.97163
276,356,182,359,179,263,84,191,333,379,310,408,172,5.26,0.99995,0.94867,0.97163
276,357,181,353,185,263,84,191,334,382,310,410,178,5.24,0.99995,0.94826,0.97137
277,358,180,369,169,263,84,191,334,383,310,412,170,5.28,0.99996,0.95078,0.97306
277,353,185,369,169,273,113,152,330,375,307,406,193,5.3,0.99991,0.95118,0.97332
277,353,185,369,169,273,113,152,331,375,307,406,194,5.2,0.99989,0.94915,0.97201
277,353,185,369,169,273,113,152,331,375,307,406,194,5.2,0.99989,0.94915,0.97201
277,353,185,369,169,273,113,152,331,375,307,406,194,5.2,0.99989,0.94915,0.97201
278,354,184,369,169,263,104,171,332,376,308,407,181,5.18,0.9999,0.95049,0.9729
278,354,184,369,169,263,104,171,332,376,308,407,181,5.18,0.9999,0.95049,0.9729
278,354,184,369,169,263,104,171,332,376,308,407,182,5.24,0.99992,0.9517,0.97369
278,354,184,369,169,263,104,171,332,376,308,407,182,5.24,0.99992,0.9517,0.97369
278,354,184,369,169,263,104,171,332,376,308,407,182,5.24,0.99992,0.9517,0.97369
279,357,181,351,187,263,104,171,334,380,311,408,174,5.5,0.99995,0.95815,0.97821
279,357,181,351,187,263,104,171,334,380,311,408,174,5.5,0.99995,0.95815,0.97821
279,357,181,351,187,263,104,171,334,380,311,408,174,5.5,0.99995,0.95815,0.97821
279,354,184,351,187,263,104,171,333,379,310,407,177,5.5,0.99995,0.95815,0.97821
279,354,184,351,187,263,104,171,333,379,309,407,179,5.36,0.99994,0.95569,0.97662
280,353,185,351,187,263,104,171,334,378,312,406,169,5.58,0.99996,0.96105,0.98009
280,353,185,351,187,263,104,171,334,378,312,406,172,5.6,0.99996,0.96136,0.9803
280,353,185,351,187,263,104,171,334,378,312,406,174,5.68,0.99997,0.96259,0.98111
280,353,185,351,187,273,104,161,333,378,310,406,183,5.52,0.99996,0.96009,0.97946
280,353,185,351,187,273,104,161,333,378,310,406,185,5.52,0.99996,0.96009,0.97946
281,351,187,351,187,273,104,161,332,375,308,401,180,5.34,0.99994,0.95873,0.9788
281,353,185,351,187,273,104,161,333,380,310,404,183,5.36,0.99995,0.95907,0.97903
281,354,184,351,187,273,104,161,334,381,312,404,185,5.48,0.99996,0.96106,0.98033
281,360,178,357,181,279,104,155,337,391,315,412,194,5.54,0.99997,0.96201,0.98096
281,369,169,357,181,308,104,126,341,395,320,413,197,5.74,0.99998,0.96497,0.98293
282,368,170,357,181,308,107,123,340,395,319,413,196,5.7,0.99998,0.96592,0.98376
282,368,170,357,181,308,107,123,340,395,319,413,196,5.7,0.99998,0.96592,0.98376
282,368,170,357,181,308,107,123,340,395,319,413,197,5.7,0.99998,0.96592,0.98376
282,360,178,357,181,308,107,123,338,392,318,412,199,5.68,0.99998,0.96564,0.98357
282,360,178,357,181,279,107,152,336,391,314,412,201,5.6,0.99996,0.9645,0.98281
283,368,170,357,181,273,107,158,340,395,317,413,192,5.76,0.99997,0.96824,0.98547
283,360,178,357,181,273,107,158,337,392,313,412,194,5.68,0.99996,0.96718,0.98475
283,360,178,357,181,273,107,158,336,392,312,412,195,5.6,0.99995,0.96607,0.98401
283,362,176,357,181,273,107,158,339,394,319,413,197,5.94,0.99999,0.97047,0.987
283,360,178,357,181,273,107,158,338,392,317,412,197,5.92,0.99998,0.97023,0.98684
284,362,176,351,187,273,107,158,339,393,319,412,191,6.08,0.99999,0.97341,0.98918
284,360,178,351,187,273,107,158,337,391,317,412,192,6.06,0.99998,0.9732,0.98903
284,360,178,351,187,273,107,158,337,391,317,412,192,6.06,0.99998,0.9732,0.98903
284,360,178,351,187,273,107,158,337,391,317,412,192,6.06,0.99998,0.9732,0.98903
284,360,178,351,187,273,107,158,337,391,317,412,192,6.06,0.99998,0.9732,0.98903
285,368,170,351,187,273,116,149,340,395,319,413,185,6.2,0.99999,0.97593,0.99109
285,368,170,351,187,273,116,149,340,395,319,413,189,6.08,0.99998,0.97475,0.99021
285,368,170,357,181,279,116,143,340,395,319,413,191,6.1,0.99998,0.97495,0.99036
285,368,170,357,181,279,116,143,340,395,319,413,191,6.1,0.99998,0.97495,0.99036
285,368,170,357,181,279,116,143,340,395,319,413,191,6.1,0.99998,0.97495,0.99036
286,369,169,357,181,277,107,154,340,395,320,413,183,6.16,0.99999,0.97684,0.9918
286,369,169,357,181,277,104,157,340,396,320,414,184,6.16,0.99999,0.97684,0.9918
286,369,169,357,181,277,104,157,340,395,319,413,185,6.04,0.99998,0.9757,0.99094
286,369,169,357,181,277,104,157,340,395,319,413,187,6.04,0.99998,0.9757,0.99094
286,369,169,357,181,277,104,157,340,395,319,413,187,6.04,0.99998,0.9757,0.99094
286,369,169,357,181,277,104,157,340,395,319,413,187,6.04,0.99998,0.9757,0.99094
286,369,169,357,181,277,104,157,341,396,321,414,187,6.3,0.99999,0.9781,0.99277
287,366,172,379,159,277,104,157,338,394,313,413,185,6.1,0.99998,0.9776,0.99255
287,359,179,341,197,277,104,157,336,389,313,409,195,6,0.99998,0.97667,0.99184
287,359,179,341,197,277,104,157,335,389,313,409,199,5.9,0.99998,0.97568,0.99111
287,359,179,341,197,277,104,157,335,389,313,409,199,5.9,0.99998,0.97568,0.99111
287,359,179,341,197,277,104,157,335,389,313,409,201,5.9,0.99998,0.97568,0.99111
288,357,181,341,197,279,113,146,334,385,310,406,202,6.02,0.99997,0.97822,0.99314
288,357,181,341,197,279,113,146,334,385,310,406,204,6.02,0.99997,0.97822,0.99314
288,357,181,341,197,279,113,146,334,388,310,407,210,5.94,0.99997,0.97748,0.99258
288,359,179,341,197,279,113,146,334,390,311,412,216,6.1,0.99998,0.97892,0.99369
288,358,180,341,197,279,113,146,334,389,308,410,217,5.96,0.99998,0.97767,0.99272
289,359,179,357,181,279,113,146,334,391,310,412,214,5.96,0.99997,0.97905,0.99386
289,359,179,357,181,279,113,146,334,391,311,413,217,5.98,0.99998,0.97923,0.994
289,359,179,357,181,279,113,146,334,390,310,412,220,5.96,0.99998,0.97905,0.99386
289,357,181,341,197,279,110,149,333,389,308,408,228,6.08,0.99998,0.98008,0.99467
289,357,181,341,197,279,110,149,333,389,308,407,229,6.1,0.99998,0.98024,0.9948
290,352,186,341,197,279,110,149,328,381,305,403,223,5.98,0.99997,0.98059,0.99511
290,351,187,341,197,279,110,149,327,381,305,403,224,5.9,0.99997,0.97992,0.99458
290,351,187,341,197,279,110,149,327,380,305,403,225,5.84,0.99997,0.9794,0.99417
290,351,187,341,197,279,113,146,326,379,304,401,228,5.86,0.99996,0.97958,0.99431
290,351,187,357,181,279,113,146,326,380,305,403,228,5.94,0.99997,0.98026,0.99485
291,353,185,357,181,279,113,146,327,382,305,406,225,5.9,0.99997,0.98132,0.99584
291,353,185,357,181,279,113,146,327,382,305,406,225,5.9,0.99997,0.98132,0.99584
291,353,185,357,181,279,113,146,327,381,305,406,225,5.9,0.99997,0.98132,0.99584
291,353,185,357,181,279,113,146,327,381,305,406,225,5.9,0.99997,0.98132,0.99584
291,353,185,341,197,273,113,152,329,381,305,405,225,5.9,0.99996,0.98132,0.99584
291,353,185,341,197,273,113,152,329,381,305,405,225,5.9,0.99996,0.98132,0.99584
291,353,185,341,197,273,113,152,329,381,305,405,225,5.9,0.99996,0.98132,0.99584
291,353,185,341,197,273,113,152,329,381,305,405,225,5.9,0.99996,0.98132,0.99584
292,355,183,341,197,273,113,152,327,385,305,407,212,5.86,0.99996,0.98241,0.99681
292,355,183,341,197,273,113,152,327,385,305,407,212,5.86,0.99996,0.98241,0.99681
292,356,182,341,197,273,113,152,327,385,305,407,214,5.86,0.99996,0.98241,0.99667
292,356,182,341,197,273,113,152,327,385,305,407,214,5.86,0.99996,0.98241,0.99667
292,356,182,357,181,273,113,152,327,385,305,407,214,5.84,0.99996,0.98225,0.99654
293,351,187,357,181,273,113,152,327,379,304,404,205,5.7,0.99996,0.98261,0.99701
293,351,187,357,181,273,113,152,327,379,304,404,205,5.7,0.99996,0.98261,0.99701
293,351,187,357,181,273,113,152,327,379,304,404,206,5.7,0.99995,0.98261,0.99701
293,351,187,357,181,273,113,152,327,379,304,404,208,5.68,0.99995,0.98246,0.99688
293,352,186,357,181,279,113,146,327,380,304,406,208,5.5,0.99994,0.98096,0.99568
294,361,177,389,149,279,119,140,333,389,305,407,197,5.62,0.99994,0.9834,0.99773
294,360,178,389,149,279,119,140,333,389,305,407,199,5.54,0.99993,0.98278,0.99722
294,357,181,351,187,279,119,140,330,389,305,407,202,5.62,0.99996,0.9834,0.99773
294,356,182,335,203,279,119,140,328,388,304,407,206,5.4,0.99992,0.98162,0.99629
294,356,182,341,197,279,119,140,328,388,304,407,208,5.42,0.99992,0.98179,0.99627
295,353,185,335,203,273,114,151,327,384,303,405,209,5.24,0.99988,0.98016,0.99499
295,355,183,341,197,273,114,151,327,385,304,406,213,5.46,0.99991,0.98213,0.99669
295,356,182,341,197,273,108,157,327,385,304,406,215,5.46,0.99992,0.98213,0.99669
295,357,181,341,197,273,108,157,329,388,304,407,221,5.42,0.99991,0.98179,0.99627
295,357,181,357,181,273,108,157,329,388,304,405,229,5.4,0.99989,0.98162,0.99629
296,352,186,357,181,263,108,167,327,383,304,401,221,5.36,0.99988,0.98127,0.99585
296,362,176,395,143,273,108,157,334,390,306,407,222,5.54,0.99991,0.98278,0.99722
296,362,176,395,143,273,108,157,334,390,306,407,225,5.54,0.99992,0.98278,0.99722
296,362,176,395,143,273,102,163,334,390,306,407,226,5.56,0.99992,0.98294,0.99735
296,362,176,395,143,273,102,163,334,390,306,407,226,5.56,0.99992,0.98294,0.99735
296,362,176,395,143,273,102,163,334,390,306,407,228,5.58,0.99992,0.9831,0.99748
296,362,176,379,159,263,108,167,334,389,307,407,229,5.6,0.99991,0.98325,0.9976
297,362,176,379,159,263,108,167,333,389,306,406,223,5.58,0.99988,0.9831,0.99748
297,359,179,379,159,263,108,167,330,388,304,406,224,5.5,0.99987,0.98246,0.99696
297,357,181,373,165,263,108,167,327,386,300,404,226,5.4,0.99975,0.98162,0.99629
297,357,181,373,165,263,113,162,327,385,300,403,228,5.4,0.99974,0.98162,0.99629
297,357,181,373,165,263,113,162,327,385,300,403,231,5.4,0.99974,0.98162,0.99629
297,357,181,373,165,263,113,162,327,385,300,403,232,5.44,0.99974,0.98196,0.99641
297,358,180,373,165,263,113,162,328,388,301,407,232,5.46,0.99977,0.98213,0.99654
298,358,180,373,165,263,113,162,328,388,301,407,230,5.44,0.99976,0.98196,0.99641
298,358,180,373,165,263,113,162,328,388,301,407,230,5.44,0.99976,0.98196,0.99641
298,358,180,373,165,263,113,162,328,388,301,407,230,5.44,0.99976,0.98196,0.99641
298,358,180,373,165,263,113,162,328,388,301,407,232,5.56,0.99981,0.98294,0.99721
298,357,181,373,165,263,113,162,327,386,300,405,232,5.52,0.99977,0.98262,0.99694
299,358,180,389,149,247,113,178,328,388,301,407,220,5.52,0.99974,0.98262,0.99694
299,362,176,389,149,263,113,162,332,389,304,407,223,5.68,0.9998,0.98385,0.99811
299,361,177,373,165,247,113,178,329,388,302,407,227,5.6,0.99975,0.98325,0.9976
299,360,178,373,165,247,113,178,329,388,301,407,228,5.58,0.99974,0.9831,0.99748
299,360,178,373,165,263,113,162,329,389,301,407,228,5.36,0.99966,0.98127,0.99601
300,358,180,373,165,247,113,178,328,386,300,403,219,5.3,0.99966,0.98073,0.99543
300,358,180,373,165,263,113,162,328,386,300,403,222,5.22,0.99965,0.97997,0.99484
300,356,182,373,165,273,113,152,326,384,299,402,223,5.58,0.99975,0.9831,0.99748
300,353,185,335,203,273,113,152,323,383,299,402,225,5.58,0.99961,0.9831,0.99734
300,354,184,335,203,273,113,152,325,384,299,403,225,5.56,0.99974,0.98294,0.99735
301,355,183,341,197,273,113,152,326,384,300,403,218,5.44,0.99974,0.98196,0.99656
301,357,181,341,197,279,119,140,327,386,303,406,220,5.76,0.99984,0.98443,0.99847
301,357,181,341,197,279,119,140,327,386,303,406,220,5.76,0.99984,0.98443,0.99847
301,356,182,341,197,279,119,140,327,385,301,403,226,5.88,0.99984,0.98524,0.99919
301,356,182,341,197,279,119,140,327,385,301,404,231,5.9,0.99986,0.98537,0.99943
302,356,182,341,197,279,119,140,327,385,301,403,227,5.86,0.99985,0.98511,0.99907
302,356,182,341,197,269,119,150,327,385,301,403,229,5.84,0.99985,0.98497,0.99895
302,356,182,341,197,269,116,153,327,385,301,404,230,5.86,0.99984,0.98511,0.99907
302,350,188,341,197,269,116,153,322,379,299,400,241,5.56,0.99975,0.98294,0.99735
302,350,188,341,197,269,119,150,322,379,299,400,244,5.48,0.99971,0.9823,0.99683
303,350,188,341,197,269,119,150,324,379,300,401,238,5.76,0.99984,0.98443,0.99847
303,357,181,357,181,269,119,150,329,389,305,407,249,6.02,0.99989,0.98612,1
303,357,181,357,181,269,119,150,329,389,305,407,249,5.94,0.99989,0.98562,0.99954
303,356,182,357,181,269,119,150,327,386,303,407,257,5.8,0.99985,0.9847,0.99884
303,353,185,357,181,269,119,150,326,384,301,406,258,5.78,0.99984,0.98456,0.99859
303,353,185,357,181,269,119,150,326,384,301,406,258,5.78,0.99984,0.98456,0.99859
303,356,182,357,181,269,119,150,329,385,305,407,264,5.82,0.9999,0.98484,0.99895
304,357,181,357,181,279,116,143,330,387,305,407,261,5.9,0.99992,0.98537,0.99943
304,357,181,357,181,279,116,143,333,389,307,410,274,6,0.99994,0.986,1
304,357,181,357,181,279,116,143,330,389,306,409,275,6.02,0.99993,0.98612,1
304,357,181,357,181,279,116,143,329,388,305,408,277,5.94,0.99992,0.98562,0.99954
304,357,181,357,181,279,116,143,329,389,305,408,278,6.02,0.99993,0.98612,1
304,357,181,357,181,263,116,159,329,388,305,407,284,6.02,0.99991,0.98612,1
304,353,185,357,181,269,125,144,325,384,301,407,286,5.74,0.99983,0.98428,0.99834
305,353,185,357,181,269,125,144,325,384,301,407,285,5.76,0.99984,0.98443,0.99847
305,353,185,357,181,269,125,144,325,384,301,407,285,5.76,0.99984,0.98443,0.99847
305,353,185,357,181,269,125,144,325,384,301,407,286,5.72,0.99984,0.98414,0.99822
305,353,185,357,181,269,125,144,326,384,301,407,289,5.74,0.99985,0.98428,0.99834
305,353,185,357,181,269,125,144,326,384,301,407,289,5.74,0.99985,0.98428,0.99834
305,353,185,357,181,269,125,144,326,384,301,407,289,5.74,0.99985,0.98428,0.99834
305,352,186,357,181,258,125,155,324,383,300,407,297,5.62,0.99977,0.9834,0.99759
305,352,186,357,181,274,125,139,324,383,300,407,296,5.6,0.99981,0.98325,0.99746
306,352,186,357,181,274,125,139,324,383,300,407,293,5.6,0.99982,0.98325,0.99746
306,355,183,357,181,274,125,139,327,385,304,407,297,5.76,0.9999,0.98443,0.99847
306,354,184,357,181,274,125,139,327,384,304,407,297,5.68,0.99987,0.98385,0.99811
306,354,184,351,187,274,125,139,328,386,305,407,299,5.76,0.99989,0.98443,0.9986
306,353,185,351,187,268,125,145,327,384,304,407,306,5.72,0.99986,0.98414,0.99822
306,353,185,351,187,268,125,145,327,384,304,407,307,5.76,0.99984,0.98443,0.99847
306,353,185,351,187,258,125,155,327,384,304,407,322,5.68,0.99984,0.98385,0.99797
306,353,185,351,187,258,125,155,327,384,304,407,324,5.66,0.99984,0.9837,0.99785
307,351,187,351,187,242,125,171,324,380,301,404,318,5.64,0.99974,0.98355,0.99772
307,351,187,351,187,258,125,155,325,380,301,405,318,5.64,0.99976,0.98355,0.99772
307,351,187,351,187,258,125,155,324,379,300,402,321,5.48,0.9997,0.9823,0.99668
307,351,187,351,187,242,125,171,325,380,301,406,336,5.26,0.99972,0.98035,0.99514
307,351,187,351,187,242,125,171,325,380,301,406,340,5.42,0.99974,0.98179,0.99627
307,351,187,351,187,242,125,171,325,380,301,406,340,5.42,0.99974,0.98179,0.99627
307,351,187,351,187,242,125,171,325,380,301,406,341,5.42,0.99975,0.98179,0.99627
307,351,187,351,187,242,125,171,325,380,301,406,341,5.42,0.99975,0.98179,0.99627
307,351,187,351,187,242,125,171,325,379,301,403,343,5.62,0.99973,0.9834,0.99759
307,351,187,351,187,253,125,160,325,379,303,402,354,5.38,0.99978,0.98144,0.99599
307,351,187,351,187,252,125,161,326,380,304,403,365,5.36,0.9998,0.98127,0.99585
308,342,196,351,187,248,125,165,320,368,296,395,354,5.3,0.9995,0.98073,0.99543
308,342,196,351,187,248,125,165,320,368,296,395,354,5.3,0.9995,0.98073,0.99543
308,342,196,351,187,248,125,165,320,368,296,395,354,5.3,0.9995,0.98073,0.99543
308,342,196,351,187,248,125,165,320,368,296,395,354,5.3,0.9995,0.98073,0.99543
308,342,196,351,187,248,125,165,320,368,296,395,354,5.3,0.9995,0.98073,0.99543
308,342,196,351,187,248,125,165,320,368,296,395,354,5.3,0.9995,0.98073,0.99543
